{
  "width": 512,
  "height": 216,
  "minElevation": -1.9128916263580322,
  "maxElevation": 1996.6708984375,
  "heightmapFile": "topo.png"
}
